{"cameraMode":{"drawMode":0,"name":"Shaded","section":"Shading Mode"},"sceneLighting":true,"audioPlay":false,"sceneViewState":{"showFog":true,"showMaterialUpdate":false,"showSkybox":true,"showFlares":true,"showImageEffects":true,"showParticleSystems":true},"in2DMode":false,"pivot":{"x":-5.962825775146484,"y":1.7630103826522828,"z":12.474774360656739},"rotation":{"x":-0.033973049372434619,"y":0.2174002081155777,"z":-0.007558777462691069,"w":-0.9754754304885864},"size":8.041561126708985,"orthographic":false}