{"cameraMode":{"drawMode":0,"name":"Shaded","section":"Shading Mode"},"sceneLighting":true,"audioPlay":false,"sceneViewState":{"showFog":true,"showMaterialUpdate":false,"showSkybox":true,"showFlares":true,"showImageEffects":true,"showParticleSystems":true},"in2DMode":false,"pivot":{"x":0.086094930768013,"y":4.027871608734131,"z":2.277714729309082},"rotation":{"x":0.04634663090109825,"y":0.07695432007312775,"z":0.0035723845940083267,"w":-0.9959844350814819},"size":5.445930480957031,"orthographic":false}