{"cameraMode":{"drawMode":0,"name":"Shaded","section":"Shading Mode"},"sceneLighting":false,"audioPlay":false,"sceneViewState":{"showFog":true,"showMaterialUpdate":false,"showSkybox":false,"showFlares":true,"showImageEffects":true,"showParticleSystems":true},"in2DMode":false,"pivot":{"x":-0.002880055457353592,"y":0.3334287405014038,"z":0.09922924637794495},"rotation":{"x":0.009750463999807835,"y":0.5179595947265625,"z":-0.005902311764657497,"w":0.8553345799446106},"size":0.15674564242362977,"orthographic":false}