{"cameraMode":{"drawMode":0,"name":"Shaded","section":"Shading Mode"},"sceneLighting":true,"audioPlay":false,"sceneViewState":{"showFog":true,"showMaterialUpdate":false,"showSkybox":true,"showFlares":true,"showImageEffects":true,"showParticleSystems":true},"in2DMode":false,"pivot":{"x":2.503927230834961,"y":2.4990477561950685,"z":-1.2688095569610596},"rotation":{"x":-0.06874291598796845,"y":-0.43584612011909487,"z":0.033400919288396838,"w":-0.8967919945716858},"size":3.7067859172821047,"orthographic":false}