{"cameraMode":{"drawMode":0,"name":"Shaded","section":"Shading Mode"},"sceneLighting":true,"audioPlay":false,"sceneViewState":{"showFog":true,"showMaterialUpdate":false,"showSkybox":true,"showFlares":true,"showImageEffects":true,"showParticleSystems":true},"in2DMode":false,"pivot":{"x":16.4229679107666,"y":-5.340707302093506,"z":11.797905921936036},"rotation":{"x":-0.15615850687026978,"y":-0.43444550037384035,"z":0.07676805555820465,"w":-0.883731484413147},"size":16.837051391601564,"orthographic":false}