{"cameraMode":{"drawMode":0,"name":"Shaded","section":"Shading Mode"},"sceneLighting":true,"audioPlay":false,"sceneViewState":{"showFog":true,"showMaterialUpdate":false,"showSkybox":true,"showFlares":true,"showImageEffects":true,"showParticleSystems":true},"in2DMode":false,"pivot":{"x":4.900525093078613,"y":-8.266548156738282,"z":22.092281341552736},"rotation":{"x":0.16226714849472047,"y":0.12837544083595277,"z":-0.021296832710504533,"w":0.9781290292739868},"size":28.10804557800293,"orthographic":false}