{"cameraMode":{"drawMode":0,"name":"Shaded","section":"Shading Mode"},"sceneLighting":true,"audioPlay":false,"sceneViewState":{"showFog":true,"showMaterialUpdate":false,"showSkybox":true,"showFlares":true,"showImageEffects":true,"showParticleSystems":true},"in2DMode":false,"pivot":{"x":-23.12337875366211,"y":-6.310075759887695,"z":-37.45492172241211},"rotation":{"x":-0.0251444261521101,"y":0.9574003219604492,"z":-0.08784563839435578,"w":-0.2739890217781067},"size":23.093149185180665,"orthographic":false}