{"cameraMode":{"drawMode":0,"name":"Shaded","section":"Shading Mode"},"sceneLighting":false,"audioPlay":false,"sceneViewState":{"showFog":true,"showMaterialUpdate":false,"showSkybox":false,"showFlares":true,"showImageEffects":true,"showParticleSystems":true},"in2DMode":false,"pivot":{"x":-0.5292201638221741,"y":0.034530505537986758,"z":0.7101121544837952},"rotation":{"x":-0.13013002276420594,"y":0.006559817120432854,"z":-0.000820560788270086,"w":-0.9914954900741577},"size":0.1400385946035385,"orthographic":false}